0,1493398154,4,0,WW91IG5lZWQgdG8gdXNlIGJyYWNrZXRzOiBteV9saXN0ID0gW10=,
1,1493088154,35,0,TG9vayBpdCB1cCBpbiB0aGUgUHl0aG9uIGRvY3M=,aW1hZ2VzL2ltYWdlMi5qcGc=
2,1493913707,4,2,MTIzNDU2Nzg5MA==,aW1hZ2VzL3B5dGhvbi5wbmc=
3,1493913881,0,1,cXdlcnR6dWllcg==,L2ltYWdlcy9CZXN0LUlvVC1Qcm9nLUxhbmd1YWdlcy1CTE9HLUlNQUdFNC0xMDI0eDMwMi5wbmc=
4,1493914028,0,1,YWZzZGdoZGZqZ2tnams=,L2ltYWdlcy9EYXJrX1NpZGVfb2ZfdGhlX01vb24ucG5n
5,1493914240,0,1,c2RqZ2RnaGtmaGxqZ2prbA==,L2ltYWdlcy9CZXN0LUlvVC1Qcm9nLUxhbmd1YWdlcy1CTE9HLUlNQUdFNC0xMDI0eDMwMi5wbmc=
6,1493914392,0,2,YXNkZmdoa2zDqcOhDQo=,L2ltYWdlcy9jX3NoYXJwLnBuZw==
7,1493914457,0,2,w615eGN2Ym5tLC4t,L2ltYWdlcy9waW5rLWZsb3lkLWRhcmstc2lkZS1vZi1tb29uLXBvc3Rlci5qcGc=
8,1493914551,0,2,YXNkZmdoenRyZXdx,L2ltYWdlcy9qYXZhbG9nb3NtYWxsMS5wbmc=
9,1493914638,0,2,cXdlZXRyZXdxd3F3ZXJl,L2ltYWdlcy9qYXZhbG9nb3NtYWxsMS5wbmc=
10,1493914904,0,2,MTIzNDU2Nzg5MA0K,L2ltYWdlcy9EYXJrX1NpZGVfb2ZfdGhlX01vb24ucG5n
11,1493914952,-2,2,cXdhc3lhc3F3c3Nm,L2ltYWdlcy9wcmlzbWF0aWMucG5n
